method,config_id,Q1,Q2,Q3,Q4,Q5,Q5_minus_Q1
smooth_tnx_only,tnx_tilt0.20_tau1.0_eta0.05,0.0003814255528678628,0.010548658106232688,0.022141269307303854,0.0248837114039708,0.039265810924995107,0.038884385372127246
traditional_smooth_score,trad_a0.50_ls0.25_lc0.05_tilt0.20_tau1.0_eta0.05,-0.011770720383001322,-0.0005982044018488835,0.009928084097770233,0.036523470850601786,0.052336320834158526,0.06410704121715985
smooth_core_only,core_a0.50_tilt0.20_tau1.0_eta0.05,0.0008307212757950129,0.002925128718694056,0.013434585512474282,0.02370518551314137,0.056325254275265586,0.055494532999470575
