method,config_id,Q1,Q2,Q3,Q4,Q5,Q5_minus_Q1
traditional_smooth_score,trad_a0.50_ls0.25_lc0.05_tilt0.20_tau1.0_eta0.05,-0.006844724576525362,-4.607617959483778e-05,0.009336653987455205,0.034897643328248115,0.05238228248141625,0.05922700705794161
smooth_core_only,core_a0.50_tilt0.20_tau1.0_eta0.05,0.00016239753124995467,-0.0025376846036458587,0.011574292464723203,0.024783131908991167,0.0557436417396809,0.05558124420843095
smooth_tnx_only,tnx_tilt0.20_tau1.0_eta0.05,0.00038853094920366055,0.0066032756775659535,0.018966524949710475,0.025153935236177215,0.03861351222834207,0.03822498127913841
