method,config_id,Q1,Q2,Q3,Q4,Q5,Q5_minus_Q1
smooth_tnx_only,tnx_tilt0.20_tau1.0_eta0.05,0.00046493861953318596,0.01055825917340227,0.02169626777741194,0.024902766628300745,0.03871863851465522,0.038253699895122034
traditional_smooth_score,trad_a0.50_ls0.25_lc0.05_tilt0.20_tau1.0_eta0.05,-0.006806333074231664,-4.607617959483778e-05,0.009336653987455205,0.034897643328248115,0.05238228248141625,0.05918861555564792
smooth_core_only,core_a0.50_tilt0.20_tau1.0_eta0.05,0.001704854110242625,0.0018295122494989735,0.01269402521459152,0.024453999438047155,0.055638909608395216,0.05393405549815259
